x,y,z,class,sound_path,background_silence,birds,frogs,human_speech,insects,mammals,misc/uncertain,rain_(heavy),rain_(light),vehicles_(aircraft/cars),wind_(strong),wind_(light)
8.015697,3.9001973,3.7908986,0,uploads\7f5d0d8c-aaf9-11ef-9f58-2c0da73a8026\20210203T033909+1000_Daintree-Rainforest-Observatory-Dry-B_489445_0.flac,0,0,0,0,0,0,0,0,0,0,0,0
5.412457,4.5756655,5.9918294,1,uploads\7f5d0d8c-aaf9-11ef-9f58-2c0da73a8026\20210203T033909+1000_Daintree-Rainforest-Observatory-Dry-B_489445_1.flac,0,0,0,0,0,0,0,0,0,0,0,0
8.873055,5.2830386,6.4973803,2,uploads\7f5d0d8c-aaf9-11ef-9f58-2c0da73a8026\20210203T033909+1000_Daintree-Rainforest-Observatory-Dry-B_489445_2.flac,0,0,0,0,0,0,0,0,0,0,0,0
10.023165,7.4829726,4.2679496,0,uploads\7f5d0d8c-aaf9-11ef-9f58-2c0da73a8026\20210203T033909+1000_Daintree-Rainforest-Observatory-Dry-B_489445_3.flac,0,0,0,0,0,0,0,0,0,0,0,0
9.503113,8.212085,6.0943184,0,uploads\7f5d0d8c-aaf9-11ef-9f58-2c0da73a8026\20210203T033909+1000_Daintree-Rainforest-Observatory-Dry-B_489445_4.flac,0,0,0,0,0,0,0,0,0,0,0,0
8.964617,5.1227403,3.6790316,0,uploads\7f5d0d8c-aaf9-11ef-9f58-2c0da73a8026\20210203T033909+1000_Daintree-Rainforest-Observatory-Dry-B_489445_5.flac,0,0,0,0,0,0,0,0,0,0,0,0
9.452121,5.966319,3.6661217,0,uploads\7f5d0d8c-aaf9-11ef-9f58-2c0da73a8026\20210203T033909+1000_Daintree-Rainforest-Observatory-Dry-B_489445_6.flac,0,0,0,0,0,0,0,0,0,0,0,0
9.869763,7.0724473,4.101416,0,uploads\7f5d0d8c-aaf9-11ef-9f58-2c0da73a8026\20210203T033909+1000_Daintree-Rainforest-Observatory-Dry-B_489445_7.flac,0,0,0,0,0,0,0,0,0,0,0,0
11.427462,7.3320894,6.8935494,0,uploads\7f5d0d8c-aaf9-11ef-9f58-2c0da73a8026\20210203T033909+1000_Daintree-Rainforest-Observatory-Dry-B_489445_8.flac,0,0,0,0,0,0,0,0,0,0,0,0
11.442151,4.857728,6.640837,3,uploads\7f5d0d8c-aaf9-11ef-9f58-2c0da73a8026\20210203T033909+1000_Daintree-Rainforest-Observatory-Dry-B_489445_9.flac,0,0,0,0,0,0,0,0,0,0,0,0
5.679619,4.8754244,6.487343,1,uploads\7f5d0d8c-aaf9-11ef-9f58-2c0da73a8026\20210203T033909+1000_Daintree-Rainforest-Observatory-Dry-B_489445_10.flac,0,0,0,0,0,0,0,0,0,0,0,0
10.167754,7.528087,4.16572,0,uploads\7f5d0d8c-aaf9-11ef-9f58-2c0da73a8026\20210203T033909+1000_Daintree-Rainforest-Observatory-Dry-B_489445_11.flac,0,0,0,0,0,0,0,0,0,0,0,0
10.470107,7.262239,4.097951,0,uploads\7f5d0d8c-aaf9-11ef-9f58-2c0da73a8026\20210203T033909+1000_Daintree-Rainforest-Observatory-Dry-B_489445_12.flac,0,0,0,0,0,0,0,0,0,0,0,0
2.9246767,4.465726,7.3121605,4,uploads\7f5d0d8c-aaf9-11ef-9f58-2c0da73a8026\20210203T033909+1000_Daintree-Rainforest-Observatory-Dry-B_489445_13.flac,0,0,0,0,0,0,0,0,0,0,0,0
10.255555,7.543617,4.114087,0,uploads\7f5d0d8c-aaf9-11ef-9f58-2c0da73a8026\20210203T033909+1000_Daintree-Rainforest-Observatory-Dry-B_489445_14.flac,0,0,0,0,0,0,0,0,0,0,0,0
10.421694,7.403709,4.2222266,0,uploads\7f5d0d8c-aaf9-11ef-9f58-2c0da73a8026\20210203T033909+1000_Daintree-Rainforest-Observatory-Dry-B_489445_15.flac,0,0,0,0,0,0,0,0,0,0,0,0
9.482489,5.4024115,3.9471717,0,uploads\7f5d0d8c-aaf9-11ef-9f58-2c0da73a8026\20210203T033909+1000_Daintree-Rainforest-Observatory-Dry-B_489445_16.flac,0,0,0,0,0,0,0,0,0,0,0,0
7.7000856,3.7022672,3.7951536,0,uploads\7f5d0d8c-aaf9-11ef-9f58-2c0da73a8026\20210203T033909+1000_Daintree-Rainforest-Observatory-Dry-B_489445_17.flac,0,0,0,0,0,0,0,0,0,0,0,0
10.538049,7.236342,4.1691494,0,uploads\7f5d0d8c-aaf9-11ef-9f58-2c0da73a8026\20210203T033909+1000_Daintree-Rainforest-Observatory-Dry-B_489445_18.flac,0,0,0,0,0,0,0,0,0,0,0,0
5.484933,5.2074437,7.1869802,1,uploads\7f5d0d8c-aaf9-11ef-9f58-2c0da73a8026\20210203T033909+1000_Daintree-Rainforest-Observatory-Dry-B_489445_19.flac,0,0,0,0,0,0,0,0,0,0,0,0
10.985939,7.8599086,5.7862806,0,uploads\7f5d0d8c-aaf9-11ef-9f58-2c0da73a8026\20210203T033909+1000_Daintree-Rainforest-Observatory-Dry-B_489445_20.flac,0,0,0,0,0,0,0,0,0,0,0,0
11.093926,8.364353,6.229983,0,uploads\7f5d0d8c-aaf9-11ef-9f58-2c0da73a8026\20210203T033909+1000_Daintree-Rainforest-Observatory-Dry-B_489445_21.flac,0,0,0,0,0,0,0,0,0,0,0,0
10.198344,5.664785,4.595988,0,uploads\7f5d0d8c-aaf9-11ef-9f58-2c0da73a8026\20210203T033909+1000_Daintree-Rainforest-Observatory-Dry-B_489445_22.flac,0,0,0,0,0,0,0,0,0,0,0,0
11.474945,4.9026713,6.7821875,3,uploads\7f5d0d8c-aaf9-11ef-9f58-2c0da73a8026\20210203T033909+1000_Daintree-Rainforest-Observatory-Dry-B_489445_23.flac,0,0,0,0,0,0,0,0,0,0,0,0
9.9933405,5.6954618,4.3991804,0,uploads\7f5d0d8c-aaf9-11ef-9f58-2c0da73a8026\20210203T033909+1000_Daintree-Rainforest-Observatory-Dry-B_489445_24.flac,0,0,0,0,0,0,0,0,0,0,0,0
3.3350894,4.6192307,7.690191,4,uploads\7f5d0d8c-aaf9-11ef-9f58-2c0da73a8026\20210203T033909+1000_Daintree-Rainforest-Observatory-Dry-B_489445_25.flac,0,0,0,0,0,0,0,0,0,0,0,0
9.016,7.6248317,6.349103,0,uploads\7f5d0d8c-aaf9-11ef-9f58-2c0da73a8026\20210203T033909+1000_Daintree-Rainforest-Observatory-Dry-B_489445_26.flac,0,0,0,0,0,0,0,0,0,0,0,0
11.305387,7.2133193,6.7150793,0,uploads\7f5d0d8c-aaf9-11ef-9f58-2c0da73a8026\20210203T033909+1000_Daintree-Rainforest-Observatory-Dry-B_489445_27.flac,0,0,0,0,0,0,0,0,0,0,0,0
11.5906725,4.5857973,7.5739384,3,uploads\7f5d0d8c-aaf9-11ef-9f58-2c0da73a8026\20210203T033909+1000_Daintree-Rainforest-Observatory-Dry-B_489445_28.flac,0,0,0,0,0,0,0,0,0,0,0,0
5.4192357,4.5810385,5.9726005,1,uploads\7f5d0d8c-aaf9-11ef-9f58-2c0da73a8026\20210203T033909+1000_Daintree-Rainforest-Observatory-Dry-B_489445_29.flac,0,0,0,0,0,0,0,0,0,0,0,0
8.006801,3.889343,3.7973988,0,uploads\7f5d0d8c-aaf9-11ef-9f58-2c0da73a8026\20210203T033909+1000_Daintree-Rainforest-Observatory-Dry-B_489445_30.flac,0,0,0,0,0,0,0,0,0,0,0,0
11.387164,8.653907,6.6942124,0,uploads\7f5d0d8c-aaf9-11ef-9f58-2c0da73a8026\20210203T033909+1000_Daintree-Rainforest-Observatory-Dry-B_489445_31.flac,0,0,0,0,0,0,0,0,0,0,0,0
9.72093,4.527108,4.5938044,5,uploads\7f5d0d8c-aaf9-11ef-9f58-2c0da73a8026\20210203T033909+1000_Daintree-Rainforest-Observatory-Dry-B_489445_32.flac,0,0,0,0,0,0,0,0,0,0,0,0
9.93006,7.004777,3.9942625,0,uploads\7f5d0d8c-aaf9-11ef-9f58-2c0da73a8026\20210203T033909+1000_Daintree-Rainforest-Observatory-Dry-B_489445_33.flac,0,0,0,0,0,0,0,0,0,0,0,0
10.197837,7.244825,4.1018033,0,uploads\7f5d0d8c-aaf9-11ef-9f58-2c0da73a8026\20210203T033909+1000_Daintree-Rainforest-Observatory-Dry-B_489445_34.flac,0,0,0,0,0,0,0,0,0,0,0,0
9.734955,4.5643845,4.5617647,5,uploads\7f5d0d8c-aaf9-11ef-9f58-2c0da73a8026\20210203T033909+1000_Daintree-Rainforest-Observatory-Dry-B_489445_35.flac,0,0,0,0,0,0,0,0,0,0,0,0
10.7470665,7.008255,4.8110228,0,uploads\7f5d0d8c-aaf9-11ef-9f58-2c0da73a8026\20210203T033909+1000_Daintree-Rainforest-Observatory-Dry-B_489445_36.flac,0,0,0,0,0,0,0,0,0,0,0,0
11.082529,8.2843895,6.17612,0,uploads\7f5d0d8c-aaf9-11ef-9f58-2c0da73a8026\20210203T033909+1000_Daintree-Rainforest-Observatory-Dry-B_489445_37.flac,0,0,0,0,0,0,0,0,0,0,0,0
10.275644,7.522575,4.138091,0,uploads\7f5d0d8c-aaf9-11ef-9f58-2c0da73a8026\20210203T033909+1000_Daintree-Rainforest-Observatory-Dry-B_489445_38.flac,0,0,0,0,0,0,0,0,0,0,0,0
10.263807,7.96907,5.413627,0,uploads\7f5d0d8c-aaf9-11ef-9f58-2c0da73a8026\20210203T033909+1000_Daintree-Rainforest-Observatory-Dry-B_489445_39.flac,0,0,0,0,0,0,0,0,0,0,0,0
9.972794,7.540135,4.3235865,0,uploads\7f5d0d8c-aaf9-11ef-9f58-2c0da73a8026\20210203T033909+1000_Daintree-Rainforest-Observatory-Dry-B_489445_40.flac,0,0,0,0,0,0,0,0,0,0,0,0
11.385082,8.596028,6.602446,0,uploads\7f5d0d8c-aaf9-11ef-9f58-2c0da73a8026\20210203T033909+1000_Daintree-Rainforest-Observatory-Dry-B_489445_41.flac,0,0,0,0,0,0,0,0,0,0,0,0
8.915083,7.850563,6.4474387,0,uploads\7f5d0d8c-aaf9-11ef-9f58-2c0da73a8026\20210203T033909+1000_Daintree-Rainforest-Observatory-Dry-B_489445_42.flac,0,0,0,0,0,0,0,0,0,0,0,0
5.9051476,4.7133975,6.0329523,1,uploads\7f5d0d8c-aaf9-11ef-9f58-2c0da73a8026\20210203T033909+1000_Daintree-Rainforest-Observatory-Dry-B_489445_43.flac,0,0,0,0,0,0,0,0,0,0,0,0
7.907172,3.820281,3.7866037,0,uploads\7f5d0d8c-aaf9-11ef-9f58-2c0da73a8026\20210203T033909+1000_Daintree-Rainforest-Observatory-Dry-B_489445_44.flac,0,0,0,0,0,0,0,0,0,0,0,0
10.5840845,6.9689717,4.495957,0,uploads\7f5d0d8c-aaf9-11ef-9f58-2c0da73a8026\20210203T033909+1000_Daintree-Rainforest-Observatory-Dry-B_489445_45.flac,0,0,0,0,0,0,0,0,0,0,0,0
10.330259,8.330951,6.20168,0,uploads\7f5d0d8c-aaf9-11ef-9f58-2c0da73a8026\20210203T033909+1000_Daintree-Rainforest-Observatory-Dry-B_489445_46.flac,0,0,0,0,0,0,0,0,0,0,0,0
7.735065,3.7316089,3.7767172,0,uploads\7f5d0d8c-aaf9-11ef-9f58-2c0da73a8026\20210203T033909+1000_Daintree-Rainforest-Observatory-Dry-B_489445_47.flac,0,0,0,0,0,0,0,0,0,0,0,0
10.489239,8.362444,6.276601,0,uploads\7f5d0d8c-aaf9-11ef-9f58-2c0da73a8026\20210203T033909+1000_Daintree-Rainforest-Observatory-Dry-B_489445_48.flac,0,0,0,0,0,0,0,0,0,0,0,0
11.082568,7.4896803,6.2668657,0,uploads\7f5d0d8c-aaf9-11ef-9f58-2c0da73a8026\20210203T033909+1000_Daintree-Rainforest-Observatory-Dry-B_489445_49.flac,0,0,0,0,0,0,0,0,0,0,0,0
10.044227,5.837802,5.1260614,0,uploads\7f5d0d8c-aaf9-11ef-9f58-2c0da73a8026\20210203T033909+1000_Daintree-Rainforest-Observatory-Dry-B_489445_50.flac,0,0,0,0,0,0,0,0,0,0,0,0
11.221307,7.767535,6.3357034,0,uploads\7f5d0d8c-aaf9-11ef-9f58-2c0da73a8026\20210203T033909+1000_Daintree-Rainforest-Observatory-Dry-B_489445_51.flac,0,0,0,0,0,0,0,0,0,0,0,0
11.304223,6.727712,6.636002,0,uploads\7f5d0d8c-aaf9-11ef-9f58-2c0da73a8026\20210203T033909+1000_Daintree-Rainforest-Observatory-Dry-B_489445_52.flac,0,0,0,0,0,0,0,0,0,0,0,0
4.1716094,4.7832136,7.484637,1,uploads\7f5d0d8c-aaf9-11ef-9f58-2c0da73a8026\20210203T033909+1000_Daintree-Rainforest-Observatory-Dry-B_489445_53.flac,0,0,0,0,0,0,0,0,0,0,0,0
3.0178251,4.482207,7.308595,4,uploads\7f5d0d8c-aaf9-11ef-9f58-2c0da73a8026\20210203T033909+1000_Daintree-Rainforest-Observatory-Dry-B_489445_54.flac,0,0,0,0,0,0,0,0,0,0,0,0
5.1579337,4.8242483,6.822941,1,uploads\7f5d0d8c-aaf9-11ef-9f58-2c0da73a8026\20210203T033909+1000_Daintree-Rainforest-Observatory-Dry-B_489445_55.flac,0,0,0,0,0,0,0,0,0,0,0,0
9.503085,6.061397,3.5972137,-1,uploads\7f5d0d8c-aaf9-11ef-9f58-2c0da73a8026\20210203T033909+1000_Daintree-Rainforest-Observatory-Dry-B_489445_56.flac,0,0,0,0,0,0,0,0,0,0,0,0
8.980895,4.388218,4.4766545,0,uploads\7f5d0d8c-aaf9-11ef-9f58-2c0da73a8026\20210203T033909+1000_Daintree-Rainforest-Observatory-Dry-B_489445_57.flac,0,0,0,0,0,0,0,0,0,0,0,0
5.485146,4.5255737,6.0567584,1,uploads\7f5d0d8c-aaf9-11ef-9f58-2c0da73a8026\20210203T033909+1000_Daintree-Rainforest-Observatory-Dry-B_489445_58.flac,0,0,0,0,0,0,0,0,0,0,0,0
10.382194,8.032518,5.624798,0,uploads\7f5d0d8c-aaf9-11ef-9f58-2c0da73a8026\20210203T033909+1000_Daintree-Rainforest-Observatory-Dry-B_489445_59.flac,0,0,0,0,0,0,0,0,0,0,0,0
7.6621556,3.676774,3.822774,0,uploads\7f5d0d8c-aaf9-11ef-9f58-2c0da73a8026\20210203T033909+1000_Daintree-Rainforest-Observatory-Dry-B_489445_60.flac,0,0,0,0,0,0,0,0,0,0,0,0
11.37883,8.379626,6.47845,0,uploads\7f5d0d8c-aaf9-11ef-9f58-2c0da73a8026\20210203T033909+1000_Daintree-Rainforest-Observatory-Dry-B_489445_61.flac,0,0,0,0,0,0,0,0,0,0,0,0
3.0101314,4.374583,7.4547167,4,uploads\7f5d0d8c-aaf9-11ef-9f58-2c0da73a8026\20210203T033909+1000_Daintree-Rainforest-Observatory-Dry-B_489445_62.flac,0,0,0,0,0,0,0,0,0,0,0,0
2.8962703,4.3983507,7.1957693,4,uploads\7f5d0d8c-aaf9-11ef-9f58-2c0da73a8026\20210203T033909+1000_Daintree-Rainforest-Observatory-Dry-B_489445_63.flac,0,0,0,0,0,0,0,0,0,0,0,0
10.144558,8.4981365,6.2263207,0,uploads\7f5d0d8c-aaf9-11ef-9f58-2c0da73a8026\20210203T033909+1000_Daintree-Rainforest-Observatory-Dry-B_489445_64.flac,0,0,0,0,0,0,0,0,0,0,0,0
11.345376,8.427881,6.497323,0,uploads\7f5d0d8c-aaf9-11ef-9f58-2c0da73a8026\20210203T033909+1000_Daintree-Rainforest-Observatory-Dry-B_489445_65.flac,0,0,0,0,0,0,0,0,0,0,0,0
3.063525,4.4971576,7.7905707,4,uploads\7f5d0d8c-aaf9-11ef-9f58-2c0da73a8026\20210203T033909+1000_Daintree-Rainforest-Observatory-Dry-B_489445_66.flac,0,0,0,0,0,0,0,0,0,0,0,0
12.365091,4.5604815,8.482515,3,uploads\7f5d0d8c-aaf9-11ef-9f58-2c0da73a8026\20210203T033909+1000_Daintree-Rainforest-Observatory-Dry-B_489445_67.flac,0,0,0,0,0,0,0,0,0,0,0,0
11.247434,7.9198203,6.3575726,0,uploads\7f5d0d8c-aaf9-11ef-9f58-2c0da73a8026\20210203T033909+1000_Daintree-Rainforest-Observatory-Dry-B_489445_68.flac,0,0,0,0,0,0,0,0,0,0,0,0
11.274751,7.991463,6.3898344,0,uploads\7f5d0d8c-aaf9-11ef-9f58-2c0da73a8026\20210203T033909+1000_Daintree-Rainforest-Observatory-Dry-B_489445_69.flac,0,0,0,0,0,0,0,0,0,0,0,0
11.150278,7.7736444,6.0498886,0,uploads\7f5d0d8c-aaf9-11ef-9f58-2c0da73a8026\20210203T033909+1000_Daintree-Rainforest-Observatory-Dry-B_489445_70.flac,0,0,0,0,0,0,0,0,0,0,0,0
10.802675,7.658994,5.7358527,0,uploads\7f5d0d8c-aaf9-11ef-9f58-2c0da73a8026\20210203T033909+1000_Daintree-Rainforest-Observatory-Dry-B_489445_71.flac,0,0,0,0,0,0,0,0,0,0,0,0
10.582156,6.928693,4.5195427,0,uploads\7f5d0d8c-aaf9-11ef-9f58-2c0da73a8026\20210203T033909+1000_Daintree-Rainforest-Observatory-Dry-B_489445_72.flac,0,0,0,0,0,0,0,0,0,0,0,0
10.303051,8.257415,6.054024,0,uploads\7f5d0d8c-aaf9-11ef-9f58-2c0da73a8026\20210203T033909+1000_Daintree-Rainforest-Observatory-Dry-B_489445_73.flac,0,0,0,0,0,0,0,0,0,0,0,0
11.690828,5.293413,7.374686,3,uploads\7f5d0d8c-aaf9-11ef-9f58-2c0da73a8026\20210203T033909+1000_Daintree-Rainforest-Observatory-Dry-B_489445_74.flac,0,0,0,0,0,0,0,0,0,0,0,0
11.367767,7.232122,6.764281,0,uploads\7f5d0d8c-aaf9-11ef-9f58-2c0da73a8026\20210203T033909+1000_Daintree-Rainforest-Observatory-Dry-B_489445_75.flac,0,0,0,0,0,0,0,0,0,0,0,0
10.046992,8.555712,6.1388965,0,uploads\7f5d0d8c-aaf9-11ef-9f58-2c0da73a8026\20210203T033909+1000_Daintree-Rainforest-Observatory-Dry-B_489445_76.flac,0,0,0,0,0,0,0,0,0,0,0,0
10.725798,6.964307,4.785007,0,uploads\7f5d0d8c-aaf9-11ef-9f58-2c0da73a8026\20210203T033909+1000_Daintree-Rainforest-Observatory-Dry-B_489445_77.flac,0,0,0,0,0,0,0,0,0,0,0,0
9.506003,6.002245,3.6182687,-1,uploads\7f5d0d8c-aaf9-11ef-9f58-2c0da73a8026\20210203T033909+1000_Daintree-Rainforest-Observatory-Dry-B_489445_78.flac,0,0,0,0,0,0,0,0,0,0,0,0
8.873314,7.9000344,6.428758,0,uploads\7f5d0d8c-aaf9-11ef-9f58-2c0da73a8026\20210203T033909+1000_Daintree-Rainforest-Observatory-Dry-B_489445_79.flac,0,0,0,0,0,0,0,0,0,0,0,0
2.818072,4.2354116,7.6247272,4,uploads\7f5d0d8c-aaf9-11ef-9f58-2c0da73a8026\20210203T033909+1000_Daintree-Rainforest-Observatory-Dry-B_489445_80.flac,0,0,0,0,0,0,0,0,0,0,0,0
11.328978,8.12337,6.4385037,0,uploads\7f5d0d8c-aaf9-11ef-9f58-2c0da73a8026\20210203T033909+1000_Daintree-Rainforest-Observatory-Dry-B_489445_81.flac,0,0,0,0,0,0,0,0,0,0,0,0
12.001249,4.583851,7.757167,3,uploads\7f5d0d8c-aaf9-11ef-9f58-2c0da73a8026\20210203T033909+1000_Daintree-Rainforest-Observatory-Dry-B_489445_82.flac,0,0,0,0,0,0,0,0,0,0,0,0
9.531754,6.091583,3.566832,-1,uploads\7f5d0d8c-aaf9-11ef-9f58-2c0da73a8026\20210203T033909+1000_Daintree-Rainforest-Observatory-Dry-B_489445_83.flac,0,0,0,0,0,0,0,0,0,0,0,0
5.0780616,4.7000003,6.613564,1,uploads\7f5d0d8c-aaf9-11ef-9f58-2c0da73a8026\20210203T033909+1000_Daintree-Rainforest-Observatory-Dry-B_489445_84.flac,0,0,0,0,0,0,0,0,0,0,0,0
10.555072,7.115583,4.9583535,0,uploads\7f5d0d8c-aaf9-11ef-9f58-2c0da73a8026\20210203T033909+1000_Daintree-Rainforest-Observatory-Dry-B_489445_85.flac,0,0,0,0,0,0,0,0,0,0,0,0
10.397459,4.9689546,5.160536,0,uploads\7f5d0d8c-aaf9-11ef-9f58-2c0da73a8026\20210203T033909+1000_Daintree-Rainforest-Observatory-Dry-B_489445_86.flac,0,0,0,0,0,0,0,0,0,0,0,0
9.377526,7.2476172,6.918163,0,uploads\7f5d0d8c-aaf9-11ef-9f58-2c0da73a8026\20210203T033909+1000_Daintree-Rainforest-Observatory-Dry-B_489445_87.flac,0,0,0,0,0,0,0,0,0,0,0,0
8.892342,5.165364,6.415848,2,uploads\7f5d0d8c-aaf9-11ef-9f58-2c0da73a8026\20210203T033909+1000_Daintree-Rainforest-Observatory-Dry-B_489445_88.flac,0,0,0,0,0,0,0,0,0,0,0,0
9.526547,8.214931,6.0330234,0,uploads\7f5d0d8c-aaf9-11ef-9f58-2c0da73a8026\20210203T033909+1000_Daintree-Rainforest-Observatory-Dry-B_489445_89.flac,0,0,0,0,0,0,0,0,0,0,0,0
10.408355,7.4450936,4.8711953,0,uploads\7f5d0d8c-aaf9-11ef-9f58-2c0da73a8026\20210203T033909+1000_Daintree-Rainforest-Observatory-Dry-B_489445_90.flac,0,0,0,0,0,0,0,0,0,0,0,0
10.253369,8.211677,5.9738374,0,uploads\7f5d0d8c-aaf9-11ef-9f58-2c0da73a8026\20210203T033909+1000_Daintree-Rainforest-Observatory-Dry-B_489445_91.flac,0,0,0,0,0,0,0,0,0,0,0,0
12.074563,4.5489526,7.8220034,3,uploads\7f5d0d8c-aaf9-11ef-9f58-2c0da73a8026\20210203T033909+1000_Daintree-Rainforest-Observatory-Dry-B_489445_92.flac,0,0,0,0,0,0,0,0,0,0,0,0
11.626644,5.3809814,7.284783,3,uploads\7f5d0d8c-aaf9-11ef-9f58-2c0da73a8026\20210203T033909+1000_Daintree-Rainforest-Observatory-Dry-B_489445_93.flac,0,0,0,0,0,0,0,0,0,0,0,0
5.6072674,4.958045,6.609817,1,uploads\7f5d0d8c-aaf9-11ef-9f58-2c0da73a8026\20210203T033909+1000_Daintree-Rainforest-Observatory-Dry-B_489445_94.flac,0,0,0,0,0,0,0,0,0,0,0,0
3.0215108,4.5396743,7.2725253,4,uploads\7f5d0d8c-aaf9-11ef-9f58-2c0da73a8026\20210203T033909+1000_Daintree-Rainforest-Observatory-Dry-B_489445_95.flac,0,0,0,0,0,0,0,0,0,0,0,0
10.219734,5.2351255,5.1202536,0,uploads\7f5d0d8c-aaf9-11ef-9f58-2c0da73a8026\20210203T033909+1000_Daintree-Rainforest-Observatory-Dry-B_489445_96.flac,0,0,0,0,0,0,0,0,0,0,0,0
11.079855,4.9364495,6.2034597,3,uploads\7f5d0d8c-aaf9-11ef-9f58-2c0da73a8026\20210203T033909+1000_Daintree-Rainforest-Observatory-Dry-B_489445_97.flac,0,0,0,0,0,0,0,0,0,0,0,0
11.023141,4.5335226,6.7271056,3,uploads\7f5d0d8c-aaf9-11ef-9f58-2c0da73a8026\20210203T033909+1000_Daintree-Rainforest-Observatory-Dry-B_489445_98.flac,0,0,0,0,0,0,0,0,0,0,0,0
9.024029,7.7429442,6.3133903,0,uploads\7f5d0d8c-aaf9-11ef-9f58-2c0da73a8026\20210203T033909+1000_Daintree-Rainforest-Observatory-Dry-B_489445_99.flac,0,0,0,0,0,0,0,0,0,0,0,0
8.970634,4.9229507,3.7649827,0,uploads\7f5d0d8c-aaf9-11ef-9f58-2c0da73a8026\20210203T033909+1000_Daintree-Rainforest-Observatory-Dry-B_489445_100.flac,0,0,0,0,0,0,0,0,0,0,0,0
5.998236,4.7208996,5.957257,1,uploads\7f5d0d8c-aaf9-11ef-9f58-2c0da73a8026\20210203T033909+1000_Daintree-Rainforest-Observatory-Dry-B_489445_101.flac,0,0,0,0,0,0,0,0,0,0,0,0
9.43844,8.127702,6.1198792,0,uploads\7f5d0d8c-aaf9-11ef-9f58-2c0da73a8026\20210203T033909+1000_Daintree-Rainforest-Observatory-Dry-B_489445_102.flac,0,0,0,0,0,0,0,0,0,0,0,0
9.646662,8.298601,6.1008906,0,uploads\7f5d0d8c-aaf9-11ef-9f58-2c0da73a8026\20210203T033909+1000_Daintree-Rainforest-Observatory-Dry-B_489445_103.flac,0,0,0,0,0,0,0,0,0,0,0,0
8.992769,7.525439,6.644144,0,uploads\7f5d0d8c-aaf9-11ef-9f58-2c0da73a8026\20210203T033909+1000_Daintree-Rainforest-Observatory-Dry-B_489445_104.flac,0,0,0,0,0,0,0,0,0,0,0,0
8.961206,7.8090043,6.3534236,0,uploads\7f5d0d8c-aaf9-11ef-9f58-2c0da73a8026\20210203T033909+1000_Daintree-Rainforest-Observatory-Dry-B_489445_105.flac,0,0,0,0,0,0,0,0,0,0,0,0
10.122544,6.8490877,4.7268715,0,uploads\7f5d0d8c-aaf9-11ef-9f58-2c0da73a8026\20210203T033909+1000_Daintree-Rainforest-Observatory-Dry-B_489445_106.flac,0,0,0,0,0,0,0,0,0,0,0,0
11.381393,4.952195,6.5592656,3,uploads\7f5d0d8c-aaf9-11ef-9f58-2c0da73a8026\20210203T033909+1000_Daintree-Rainforest-Observatory-Dry-B_489445_107.flac,0,0,0,0,0,0,0,0,0,0,0,0
11.324676,4.9491715,6.6264515,3,uploads\7f5d0d8c-aaf9-11ef-9f58-2c0da73a8026\20210203T033909+1000_Daintree-Rainforest-Observatory-Dry-B_489445_108.flac,0,0,0,0,0,0,0,0,0,0,0,0
10.389507,7.547525,4.760597,0,uploads\7f5d0d8c-aaf9-11ef-9f58-2c0da73a8026\20210203T033909+1000_Daintree-Rainforest-Observatory-Dry-B_489445_109.flac,0,0,0,0,0,0,0,0,0,0,0,0
10.473687,7.148252,4.474087,0,uploads\7f5d0d8c-aaf9-11ef-9f58-2c0da73a8026\20210203T033909+1000_Daintree-Rainforest-Observatory-Dry-B_489445_110.flac,0,0,0,0,0,0,0,0,0,0,0,0
10.558583,6.7799516,4.5205173,0,uploads\7f5d0d8c-aaf9-11ef-9f58-2c0da73a8026\20210203T033909+1000_Daintree-Rainforest-Observatory-Dry-B_489445_111.flac,0,0,0,0,0,0,0,0,0,0,0,0
5.166465,4.6255083,6.370378,1,uploads\7f5d0d8c-aaf9-11ef-9f58-2c0da73a8026\20210203T033909+1000_Daintree-Rainforest-Observatory-Dry-B_489445_112.flac,0,0,0,0,0,0,0,0,0,0,0,0
9.814059,5.690543,4.2004604,0,uploads\7f5d0d8c-aaf9-11ef-9f58-2c0da73a8026\20210203T033909+1000_Daintree-Rainforest-Observatory-Dry-B_489445_113.flac,0,0,0,0,0,0,0,0,0,0,0,0
11.866357,4.6359773,7.7888927,3,uploads\7f5d0d8c-aaf9-11ef-9f58-2c0da73a8026\20210203T033909+1000_Daintree-Rainforest-Observatory-Dry-B_489445_114.flac,0,0,0,0,0,0,0,0,0,0,0,0
10.303815,7.612368,5.217189,0,uploads\7f5d0d8c-aaf9-11ef-9f58-2c0da73a8026\20210203T033909+1000_Daintree-Rainforest-Observatory-Dry-B_489445_115.flac,0,0,0,0,0,0,0,0,0,0,0,0
8.749394,5.052881,6.1242266,2,uploads\7f5d0d8c-aaf9-11ef-9f58-2c0da73a8026\20210203T033909+1000_Daintree-Rainforest-Observatory-Dry-B_489445_116.flac,0,0,0,0,0,0,0,0,0,0,0,0
9.978379,5.7788706,5.1698403,0,uploads\7f5d0d8c-aaf9-11ef-9f58-2c0da73a8026\20210203T033909+1000_Daintree-Rainforest-Observatory-Dry-B_489445_117.flac,0,0,0,0,0,0,0,0,0,0,0,0
11.354969,8.670836,6.7413616,0,uploads\7f5d0d8c-aaf9-11ef-9f58-2c0da73a8026\20210203T033909+1000_Daintree-Rainforest-Observatory-Dry-B_489445_118.flac,0,0,0,0,0,0,0,0,0,0,0,0
11.409487,7.269375,6.8338203,0,uploads\7f5d0d8c-aaf9-11ef-9f58-2c0da73a8026\20210203T033909+1000_Daintree-Rainforest-Observatory-Dry-B_489445_119.flac,0,0,0,0,0,0,0,0,0,0,0,0
11.374308,5.098385,6.995041,3,uploads\7f5d0d8c-aaf9-11ef-9f58-2c0da73a8026\20210203T033909+1000_Daintree-Rainforest-Observatory-Dry-B_489445_120.flac,0,0,0,0,0,0,0,0,0,0,0,0
8.064341,3.9324238,3.8266358,0,uploads\7f5d0d8c-aaf9-11ef-9f58-2c0da73a8026\20210203T033909+1000_Daintree-Rainforest-Observatory-Dry-B_489445_121.flac,0,0,0,0,0,0,0,0,0,0,0,0
10.699835,5.205758,5.3815517,0,uploads\7f5d0d8c-aaf9-11ef-9f58-2c0da73a8026\20210203T033909+1000_Daintree-Rainforest-Observatory-Dry-B_489445_122.flac,0,0,0,0,0,0,0,0,0,0,0,0
10.585341,6.795155,4.520613,0,uploads\7f5d0d8c-aaf9-11ef-9f58-2c0da73a8026\20210203T033909+1000_Daintree-Rainforest-Observatory-Dry-B_489445_123.flac,0,0,0,0,0,0,0,0,0,0,0,0
10.398807,7.3650656,4.2135973,0,uploads\7f5d0d8c-aaf9-11ef-9f58-2c0da73a8026\20210203T033909+1000_Daintree-Rainforest-Observatory-Dry-B_489445_124.flac,0,0,0,0,0,0,0,0,0,0,0,0
10.408953,6.2184796,4.5707293,0,uploads\7f5d0d8c-aaf9-11ef-9f58-2c0da73a8026\20210203T033909+1000_Daintree-Rainforest-Observatory-Dry-B_489445_125.flac,0,0,0,0,0,0,0,0,0,0,0,0
11.223387,7.496883,6.422649,0,uploads\7f5d0d8c-aaf9-11ef-9f58-2c0da73a8026\20210203T033909+1000_Daintree-Rainforest-Observatory-Dry-B_489445_126.flac,0,0,0,0,0,0,0,0,0,0,0,0
4.555162,4.862861,7.3913198,1,uploads\7f5d0d8c-aaf9-11ef-9f58-2c0da73a8026\20210203T033909+1000_Daintree-Rainforest-Observatory-Dry-B_489445_127.flac,0,0,0,0,0,0,0,0,0,0,0,0
4.1394477,4.7605743,7.532024,1,uploads\7f5d0d8c-aaf9-11ef-9f58-2c0da73a8026\20210203T033909+1000_Daintree-Rainforest-Observatory-Dry-B_489445_128.flac,0,0,0,0,0,0,0,0,0,0,0,0
10.101143,5.479737,5.0012035,0,uploads\7f5d0d8c-aaf9-11ef-9f58-2c0da73a8026\20210203T033909+1000_Daintree-Rainforest-Observatory-Dry-B_489445_129.flac,0,0,0,0,0,0,0,0,0,0,0,0
8.70173,4.9445605,6.1141925,2,uploads\7f5d0d8c-aaf9-11ef-9f58-2c0da73a8026\20210203T033909+1000_Daintree-Rainforest-Observatory-Dry-B_489445_130.flac,0,0,0,0,0,0,0,0,0,0,0,0
9.775966,5.6808558,4.1635036,0,uploads\7f5d0d8c-aaf9-11ef-9f58-2c0da73a8026\20210203T033909+1000_Daintree-Rainforest-Observatory-Dry-B_489445_131.flac,0,0,0,0,0,0,0,0,0,0,0,0
10.428528,7.0242233,4.991227,0,uploads\7f5d0d8c-aaf9-11ef-9f58-2c0da73a8026\20210203T033909+1000_Daintree-Rainforest-Observatory-Dry-B_489445_132.flac,0,0,0,0,0,0,0,0,0,0,0,0
11.246959,4.509591,7.414118,3,uploads\7f5d0d8c-aaf9-11ef-9f58-2c0da73a8026\20210203T033909+1000_Daintree-Rainforest-Observatory-Dry-B_489445_133.flac,0,0,0,0,0,0,0,0,0,0,0,0
11.493319,4.6405272,7.4739485,3,uploads\7f5d0d8c-aaf9-11ef-9f58-2c0da73a8026\20210203T033909+1000_Daintree-Rainforest-Observatory-Dry-B_489445_134.flac,0,0,0,0,0,0,0,0,0,0,0,0
11.313872,6.7383547,6.671663,0,uploads\7f5d0d8c-aaf9-11ef-9f58-2c0da73a8026\20210203T033909+1000_Daintree-Rainforest-Observatory-Dry-B_489445_135.flac,0,0,0,0,0,0,0,0,0,0,0,0
9.622079,4.604072,4.499762,5,uploads\7f5d0d8c-aaf9-11ef-9f58-2c0da73a8026\20210203T033909+1000_Daintree-Rainforest-Observatory-Dry-B_489445_136.flac,0,0,0,0,0,0,0,0,0,0,0,0
11.253137,5.772638,6.936287,0,uploads\7f5d0d8c-aaf9-11ef-9f58-2c0da73a8026\20210203T033909+1000_Daintree-Rainforest-Observatory-Dry-B_489445_137.flac,0,0,0,0,0,0,0,0,0,0,0,0
8.6915455,4.535549,3.9754782,0,uploads\7f5d0d8c-aaf9-11ef-9f58-2c0da73a8026\20210203T033909+1000_Daintree-Rainforest-Observatory-Dry-B_489445_138.flac,0,0,0,0,0,0,0,0,0,0,0,0
12.284291,4.6686196,8.189124,3,uploads\7f5d0d8c-aaf9-11ef-9f58-2c0da73a8026\20210203T033909+1000_Daintree-Rainforest-Observatory-Dry-B_489445_139.flac,0,0,0,0,0,0,0,0,0,0,0,0
4.3769283,4.8145256,7.430092,1,uploads\7f5d0d8c-aaf9-11ef-9f58-2c0da73a8026\20210203T033909+1000_Daintree-Rainforest-Observatory-Dry-B_489445_140.flac,0,0,0,0,0,0,0,0,0,0,0,0
5.847448,4.8079634,6.1987286,1,uploads\7f5d0d8c-aaf9-11ef-9f58-2c0da73a8026\20210203T033909+1000_Daintree-Rainforest-Observatory-Dry-B_489445_141.flac,0,0,0,0,0,0,0,0,0,0,0,0
5.1415668,4.63217,6.3911495,1,uploads\7f5d0d8c-aaf9-11ef-9f58-2c0da73a8026\20210203T033909+1000_Daintree-Rainforest-Observatory-Dry-B_489445_142.flac,0,0,0,0,0,0,0,0,0,0,0,0
3.082727,4.513951,7.794978,4,uploads\7f5d0d8c-aaf9-11ef-9f58-2c0da73a8026\20210203T033909+1000_Daintree-Rainforest-Observatory-Dry-B_489445_143.flac,0,0,0,0,0,0,0,0,0,0,0,0
3.405296,4.6908712,7.7717514,4,uploads\7f5d0d8c-aaf9-11ef-9f58-2c0da73a8026\20210203T033909+1000_Daintree-Rainforest-Observatory-Dry-B_489445_144.flac,0,0,0,0,0,0,0,0,0,0,0,0
11.092698,4.542216,7.355433,3,uploads\7f5d0d8c-aaf9-11ef-9f58-2c0da73a8026\20210203T033909+1000_Daintree-Rainforest-Observatory-Dry-B_489445_145.flac,0,0,0,0,0,0,0,0,0,0,0,0
12.284862,4.445551,8.290643,3,uploads\7f5d0d8c-aaf9-11ef-9f58-2c0da73a8026\20210203T033909+1000_Daintree-Rainforest-Observatory-Dry-B_489445_146.flac,0,0,0,0,0,0,0,0,0,0,0,0
9.67711,5.49659,4.155422,0,uploads\7f5d0d8c-aaf9-11ef-9f58-2c0da73a8026\20210203T033909+1000_Daintree-Rainforest-Observatory-Dry-B_489445_147.flac,0,0,0,0,0,0,0,0,0,0,0,0
9.390922,5.180365,3.924229,0,uploads\7f5d0d8c-aaf9-11ef-9f58-2c0da73a8026\20210203T033909+1000_Daintree-Rainforest-Observatory-Dry-B_489445_148.flac,0,0,0,0,0,0,0,0,0,0,0,0
9.146941,5.0074472,3.8379107,0,uploads\7f5d0d8c-aaf9-11ef-9f58-2c0da73a8026\20210203T033909+1000_Daintree-Rainforest-Observatory-Dry-B_489445_149.flac,0,0,0,0,0,0,0,0,0,0,0,0
5.5140057,5.188339,7.1038613,1,uploads\7f5d0d8c-aaf9-11ef-9f58-2c0da73a8026\20210203T033909+1000_Daintree-Rainforest-Observatory-Dry-B_489445_150.flac,0,0,0,0,0,0,0,0,0,0,0,0
9.154123,7.970527,6.208076,0,uploads\7f5d0d8c-aaf9-11ef-9f58-2c0da73a8026\20210203T033909+1000_Daintree-Rainforest-Observatory-Dry-B_489445_151.flac,0,0,0,0,0,0,0,0,0,0,0,0
11.851968,4.751947,7.5495343,3,uploads\7f5d0d8c-aaf9-11ef-9f58-2c0da73a8026\20210203T033909+1000_Daintree-Rainforest-Observatory-Dry-B_489445_152.flac,0,0,0,0,0,0,0,0,0,0,0,0
9.544483,7.876269,5.980125,0,uploads\7f5d0d8c-aaf9-11ef-9f58-2c0da73a8026\20210203T033909+1000_Daintree-Rainforest-Observatory-Dry-B_489445_153.flac,0,0,0,0,0,0,0,0,0,0,0,0
3.2436666,4.5344257,7.531336,4,uploads\7f5d0d8c-aaf9-11ef-9f58-2c0da73a8026\20210203T033909+1000_Daintree-Rainforest-Observatory-Dry-B_489445_154.flac,0,0,0,0,0,0,0,0,0,0,0,0
3.024662,4.4956837,7.732715,4,uploads\7f5d0d8c-aaf9-11ef-9f58-2c0da73a8026\20210203T033909+1000_Daintree-Rainforest-Observatory-Dry-B_489445_155.flac,0,0,0,0,0,0,0,0,0,0,0,0
5.6727085,4.573268,5.906987,1,uploads\7f5d0d8c-aaf9-11ef-9f58-2c0da73a8026\20210203T033909+1000_Daintree-Rainforest-Observatory-Dry-B_489445_156.flac,0,0,0,0,0,0,0,0,0,0,0,0
10.374342,8.034293,5.598838,0,uploads\7f5d0d8c-aaf9-11ef-9f58-2c0da73a8026\20210203T033909+1000_Daintree-Rainforest-Observatory-Dry-B_489445_157.flac,0,0,0,0,0,0,0,0,0,0,0,0
11.678284,5.35447,7.3464994,3,uploads\7f5d0d8c-aaf9-11ef-9f58-2c0da73a8026\20210203T033909+1000_Daintree-Rainforest-Observatory-Dry-B_489445_158.flac,0,0,0,0,0,0,0,0,0,0,0,0
10.67104,5.3431516,5.3116646,0,uploads\7f5d0d8c-aaf9-11ef-9f58-2c0da73a8026\20210203T033909+1000_Daintree-Rainforest-Observatory-Dry-B_489445_159.flac,0,0,0,0,0,0,0,0,0,0,0,0
11.131305,7.2982316,6.392163,0,uploads\7f5d0d8c-aaf9-11ef-9f58-2c0da73a8026\20210203T033909+1000_Daintree-Rainforest-Observatory-Dry-B_489445_160.flac,0,0,0,0,0,0,0,0,0,0,0,0
9.027653,5.0101895,3.7774775,0,uploads\7f5d0d8c-aaf9-11ef-9f58-2c0da73a8026\20210203T033909+1000_Daintree-Rainforest-Observatory-Dry-B_489445_161.flac,0,0,0,0,0,0,0,0,0,0,0,0
10.083328,5.76376,4.787604,0,uploads\7f5d0d8c-aaf9-11ef-9f58-2c0da73a8026\20210203T033909+1000_Daintree-Rainforest-Observatory-Dry-B_489445_162.flac,0,0,0,0,0,0,0,0,0,0,0,0
11.574976,4.56409,7.5760603,3,uploads\7f5d0d8c-aaf9-11ef-9f58-2c0da73a8026\20210203T033909+1000_Daintree-Rainforest-Observatory-Dry-B_489445_163.flac,0,0,0,0,0,0,0,0,0,0,0,0
9.424546,5.4058466,3.8738275,0,uploads\7f5d0d8c-aaf9-11ef-9f58-2c0da73a8026\20210203T033909+1000_Daintree-Rainforest-Observatory-Dry-B_489445_164.flac,0,0,0,0,0,0,0,0,0,0,0,0
8.67917,4.2467895,4.3158374,0,uploads\7f5d0d8c-aaf9-11ef-9f58-2c0da73a8026\20210203T033909+1000_Daintree-Rainforest-Observatory-Dry-B_489445_165.flac,0,0,0,0,0,0,0,0,0,0,0,0
7.6653347,3.6802707,3.8221729,0,uploads\7f5d0d8c-aaf9-11ef-9f58-2c0da73a8026\20210203T033909+1000_Daintree-Rainforest-Observatory-Dry-B_489445_166.flac,0,0,0,0,0,0,0,0,0,0,0,0
5.3801694,4.999379,6.916393,1,uploads\7f5d0d8c-aaf9-11ef-9f58-2c0da73a8026\20210203T033909+1000_Daintree-Rainforest-Observatory-Dry-B_489445_167.flac,0,0,0,0,0,0,0,0,0,0,0,0
12.142769,4.4917912,7.8917317,3,uploads\7f5d0d8c-aaf9-11ef-9f58-2c0da73a8026\20210203T033909+1000_Daintree-Rainforest-Observatory-Dry-B_489445_168.flac,0,0,0,0,0,0,0,0,0,0,0,0
12.105445,4.524138,7.88438,3,uploads\7f5d0d8c-aaf9-11ef-9f58-2c0da73a8026\20210203T033909+1000_Daintree-Rainforest-Observatory-Dry-B_489445_169.flac,0,0,0,0,0,0,0,0,0,0,0,0
11.4331875,8.613813,6.6462045,0,uploads\7f5d0d8c-aaf9-11ef-9f58-2c0da73a8026\20210203T033909+1000_Daintree-Rainforest-Observatory-Dry-B_489445_170.flac,0,0,0,0,0,0,0,0,0,0,0,0
8.896567,5.1049285,6.3751116,2,uploads\7f5d0d8c-aaf9-11ef-9f58-2c0da73a8026\20210203T033909+1000_Daintree-Rainforest-Observatory-Dry-B_489445_171.flac,0,0,0,0,0,0,0,0,0,0,0,0
9.600265,5.5120444,4.045303,0,uploads\7f5d0d8c-aaf9-11ef-9f58-2c0da73a8026\20210203T033909+1000_Daintree-Rainforest-Observatory-Dry-B_489445_172.flac,0,0,0,0,0,0,0,0,0,0,0,0
2.6914918,4.0782356,7.2612624,4,uploads\7f5d0d8c-aaf9-11ef-9f58-2c0da73a8026\20210203T033909+1000_Daintree-Rainforest-Observatory-Dry-B_489445_173.flac,0,0,0,0,0,0,0,0,0,0,0,0
9.758101,4.519234,4.619028,5,uploads\7f5d0d8c-aaf9-11ef-9f58-2c0da73a8026\20210203T033909+1000_Daintree-Rainforest-Observatory-Dry-B_489445_174.flac,0,0,0,0,0,0,0,0,0,0,0,0
12.195109,4.507442,8.094753,3,uploads\7f5d0d8c-aaf9-11ef-9f58-2c0da73a8026\20210203T033909+1000_Daintree-Rainforest-Observatory-Dry-B_489445_175.flac,0,0,0,0,0,0,0,0,0,0,0,0
11.217403,4.4602575,7.445085,3,uploads\7f5d0d8c-aaf9-11ef-9f58-2c0da73a8026\20210203T033909+1000_Daintree-Rainforest-Observatory-Dry-B_489445_176.flac,0,0,0,0,0,0,0,0,0,0,0,0
2.8084795,4.254066,7.470075,4,uploads\7f5d0d8c-aaf9-11ef-9f58-2c0da73a8026\20210203T033909+1000_Daintree-Rainforest-Observatory-Dry-B_489445_177.flac,0,0,0,0,0,0,0,0,0,0,0,0
9.179597,7.9566436,6.2736583,0,uploads\7f5d0d8c-aaf9-11ef-9f58-2c0da73a8026\20210203T033909+1000_Daintree-Rainforest-Observatory-Dry-B_489445_178.flac,0,0,0,0,0,0,0,0,0,0,0,0
8.722312,4.580624,3.9344175,0,uploads\7f5d0d8c-aaf9-11ef-9f58-2c0da73a8026\20210203T033909+1000_Daintree-Rainforest-Observatory-Dry-B_489445_179.flac,0,0,0,0,0,0,0,0,0,0,0,0
8.963581,7.7293773,6.560597,0,uploads\7f5d0d8c-aaf9-11ef-9f58-2c0da73a8026\20210203T033909+1000_Daintree-Rainforest-Observatory-Dry-B_489445_180.flac,0,0,0,0,0,0,0,0,0,0,0,0
12.407991,4.6190796,8.3785925,3,uploads\7f5d0d8c-aaf9-11ef-9f58-2c0da73a8026\20210203T033909+1000_Daintree-Rainforest-Observatory-Dry-B_489445_181.flac,0,0,0,0,0,0,0,0,0,0,0,0
12.327679,4.536901,8.364721,3,uploads\7f5d0d8c-aaf9-11ef-9f58-2c0da73a8026\20210203T033909+1000_Daintree-Rainforest-Observatory-Dry-B_489445_182.flac,0,0,0,0,0,0,0,0,0,0,0,0
10.957828,4.50119,6.718795,3,uploads\7f5d0d8c-aaf9-11ef-9f58-2c0da73a8026\20210203T033909+1000_Daintree-Rainforest-Observatory-Dry-B_489445_183.flac,0,0,0,0,0,0,0,0,0,0,0,0
8.644103,4.641709,5.6561255,2,uploads\7f5d0d8c-aaf9-11ef-9f58-2c0da73a8026\20210203T033909+1000_Daintree-Rainforest-Observatory-Dry-B_489445_184.flac,0,0,0,0,0,0,0,0,0,0,0,0
10.0243845,8.547121,6.122164,0,uploads\7f5d0d8c-aaf9-11ef-9f58-2c0da73a8026\20210203T033909+1000_Daintree-Rainforest-Observatory-Dry-B_489445_185.flac,0,0,0,0,0,0,0,0,0,0,0,0
10.020869,8.569367,6.119258,0,uploads\7f5d0d8c-aaf9-11ef-9f58-2c0da73a8026\20210203T033909+1000_Daintree-Rainforest-Observatory-Dry-B_489445_186.flac,0,0,0,0,0,0,0,0,0,0,0,0
10.332603,6.0427456,4.640852,0,uploads\7f5d0d8c-aaf9-11ef-9f58-2c0da73a8026\20210203T033909+1000_Daintree-Rainforest-Observatory-Dry-B_489445_187.flac,0,0,0,0,0,0,0,0,0,0,0,0
8.937624,7.439779,6.5358896,0,uploads\7f5d0d8c-aaf9-11ef-9f58-2c0da73a8026\20210203T033909+1000_Daintree-Rainforest-Observatory-Dry-B_489445_188.flac,0,0,0,0,0,0,0,0,0,0,0,0
6.02538,4.7291927,5.929365,1,uploads\7f5d0d8c-aaf9-11ef-9f58-2c0da73a8026\20210203T033909+1000_Daintree-Rainforest-Observatory-Dry-B_489445_189.flac,0,0,0,0,0,0,0,0,0,0,0,0
10.143565,7.1818485,4.242419,0,uploads\7f5d0d8c-aaf9-11ef-9f58-2c0da73a8026\20210203T033909+1000_Daintree-Rainforest-Observatory-Dry-B_489445_190.flac,0,0,0,0,0,0,0,0,0,0,0,0
11.393717,6.2755837,6.9421144,0,uploads\7f5d0d8c-aaf9-11ef-9f58-2c0da73a8026\20210203T033909+1000_Daintree-Rainforest-Observatory-Dry-B_489445_191.flac,0,0,0,0,0,0,0,0,0,0,0,0
11.709725,4.681437,7.636629,3,uploads\7f5d0d8c-aaf9-11ef-9f58-2c0da73a8026\20210203T033909+1000_Daintree-Rainforest-Observatory-Dry-B_489445_192.flac,0,0,0,0,0,0,0,0,0,0,0,0
11.154649,4.7336783,6.4576116,3,uploads\7f5d0d8c-aaf9-11ef-9f58-2c0da73a8026\20210203T033909+1000_Daintree-Rainforest-Observatory-Dry-B_489445_193.flac,0,0,0,0,0,0,0,0,0,0,0,0
10.537957,5.0681295,5.223284,0,uploads\7f5d0d8c-aaf9-11ef-9f58-2c0da73a8026\20210203T033909+1000_Daintree-Rainforest-Observatory-Dry-B_489445_194.flac,0,0,0,0,0,0,0,0,0,0,0,0
5.6641803,4.604943,5.995432,1,uploads\7f5d0d8c-aaf9-11ef-9f58-2c0da73a8026\20210203T033909+1000_Daintree-Rainforest-Observatory-Dry-B_489445_195.flac,0,0,0,0,0,0,0,0,0,0,0,0
10.638159,5.01754,5.3866506,0,uploads\7f5d0d8c-aaf9-11ef-9f58-2c0da73a8026\20210203T033909+1000_Daintree-Rainforest-Observatory-Dry-B_489445_196.flac,0,0,0,0,0,0,0,0,0,0,0,0
9.452912,7.3118525,6.9549475,0,uploads\7f5d0d8c-aaf9-11ef-9f58-2c0da73a8026\20210203T033909+1000_Daintree-Rainforest-Observatory-Dry-B_489445_197.flac,0,0,0,0,0,0,0,0,0,0,0,0
5.0529847,4.951142,7.186247,1,uploads\7f5d0d8c-aaf9-11ef-9f58-2c0da73a8026\20210203T033909+1000_Daintree-Rainforest-Observatory-Dry-B_489445_198.flac,0,0,0,0,0,0,0,0,0,0,0,0
8.829505,4.837634,6.1246586,2,uploads\7f5d0d8c-aaf9-11ef-9f58-2c0da73a8026\20210203T033909+1000_Daintree-Rainforest-Observatory-Dry-B_489445_199.flac,0,0,0,0,0,0,0,0,0,0,0,0
4.5160975,4.8513927,7.415091,1,uploads\7f5d0d8c-aaf9-11ef-9f58-2c0da73a8026\20210203T033909+1000_Daintree-Rainforest-Observatory-Dry-B_489445_200.flac,0,0,0,0,0,0,0,0,0,0,0,0
12.326186,4.5172076,8.453668,3,uploads\7f5d0d8c-aaf9-11ef-9f58-2c0da73a8026\20210203T033909+1000_Daintree-Rainforest-Observatory-Dry-B_489445_201.flac,0,0,0,0,0,0,0,0,0,0,0,0
11.198575,7.068647,6.693277,0,uploads\7f5d0d8c-aaf9-11ef-9f58-2c0da73a8026\20210203T033909+1000_Daintree-Rainforest-Observatory-Dry-B_489445_202.flac,0,0,0,0,0,0,0,0,0,0,0,0
9.058445,7.4301796,6.292108,0,uploads\7f5d0d8c-aaf9-11ef-9f58-2c0da73a8026\20210203T033909+1000_Daintree-Rainforest-Observatory-Dry-B_489445_203.flac,0,0,0,0,0,0,0,0,0,0,0,0
5.8734665,4.6110115,5.851111,1,uploads\7f5d0d8c-aaf9-11ef-9f58-2c0da73a8026\20210203T033909+1000_Daintree-Rainforest-Observatory-Dry-B_489445_204.flac,0,0,0,0,0,0,0,0,0,0,0,0
9.251816,8.025877,6.2007737,0,uploads\7f5d0d8c-aaf9-11ef-9f58-2c0da73a8026\20210203T033909+1000_Daintree-Rainforest-Observatory-Dry-B_489445_205.flac,0,0,0,0,0,0,0,0,0,0,0,0
11.203498,4.5879664,7.267094,3,uploads\7f5d0d8c-aaf9-11ef-9f58-2c0da73a8026\20210203T033909+1000_Daintree-Rainforest-Observatory-Dry-B_489445_206.flac,0,0,0,0,0,0,0,0,0,0,0,0
11.157954,4.5915213,7.315028,3,uploads\7f5d0d8c-aaf9-11ef-9f58-2c0da73a8026\20210203T033909+1000_Daintree-Rainforest-Observatory-Dry-B_489445_207.flac,0,0,0,0,0,0,0,0,0,0,0,0
11.39563,8.65288,6.691232,0,uploads\7f5d0d8c-aaf9-11ef-9f58-2c0da73a8026\20210203T033909+1000_Daintree-Rainforest-Observatory-Dry-B_489445_208.flac,0,0,0,0,0,0,0,0,0,0,0,0
11.339539,7.76988,6.492118,0,uploads\7f5d0d8c-aaf9-11ef-9f58-2c0da73a8026\20210203T033909+1000_Daintree-Rainforest-Observatory-Dry-B_489445_209.flac,0,0,0,0,0,0,0,0,0,0,0,0
10.416374,7.1666255,5.164106,0,uploads\7f5d0d8c-aaf9-11ef-9f58-2c0da73a8026\20210203T033909+1000_Daintree-Rainforest-Observatory-Dry-B_489445_210.flac,0,0,0,0,0,0,0,0,0,0,0,0
11.298284,6.0822897,6.873154,0,uploads\7f5d0d8c-aaf9-11ef-9f58-2c0da73a8026\20210203T033909+1000_Daintree-Rainforest-Observatory-Dry-B_489445_211.flac,0,0,0,0,0,0,0,0,0,0,0,0
11.232515,4.450163,7.4680133,3,uploads\7f5d0d8c-aaf9-11ef-9f58-2c0da73a8026\20210203T033909+1000_Daintree-Rainforest-Observatory-Dry-B_489445_212.flac,0,0,0,0,0,0,0,0,0,0,0,0
11.265052,4.710618,7.3108673,3,uploads\7f5d0d8c-aaf9-11ef-9f58-2c0da73a8026\20210203T033909+1000_Daintree-Rainforest-Observatory-Dry-B_489445_213.flac,0,0,0,0,0,0,0,0,0,0,0,0
10.334094,6.9586306,5.056657,0,uploads\7f5d0d8c-aaf9-11ef-9f58-2c0da73a8026\20210203T033909+1000_Daintree-Rainforest-Observatory-Dry-B_489445_214.flac,0,0,0,0,0,0,0,0,0,0,0,0
8.31934,4.0983863,3.9582698,0,uploads\7f5d0d8c-aaf9-11ef-9f58-2c0da73a8026\20210203T033909+1000_Daintree-Rainforest-Observatory-Dry-B_489445_215.flac,0,0,0,0,0,0,0,0,0,0,0,0
9.1190605,4.9848595,3.8065054,0,uploads\7f5d0d8c-aaf9-11ef-9f58-2c0da73a8026\20210203T033909+1000_Daintree-Rainforest-Observatory-Dry-B_489445_216.flac,0,0,0,0,0,0,0,0,0,0,0,0
11.243619,4.8153453,6.4639688,3,uploads\7f5d0d8c-aaf9-11ef-9f58-2c0da73a8026\20210203T033909+1000_Daintree-Rainforest-Observatory-Dry-B_489445_217.flac,0,0,0,0,0,0,0,0,0,0,0,0
4.9212008,4.933194,7.3198366,1,uploads\7f5d0d8c-aaf9-11ef-9f58-2c0da73a8026\20210203T033909+1000_Daintree-Rainforest-Observatory-Dry-B_489445_218.flac,0,0,0,0,0,0,0,0,0,0,0,0
11.4024935,5.036209,6.9880233,3,uploads\7f5d0d8c-aaf9-11ef-9f58-2c0da73a8026\20210203T033909+1000_Daintree-Rainforest-Observatory-Dry-B_489445_219.flac,0,0,0,0,0,0,0,0,0,0,0,0
11.190645,7.551361,6.7831864,0,uploads\7f5d0d8c-aaf9-11ef-9f58-2c0da73a8026\20210203T033909+1000_Daintree-Rainforest-Observatory-Dry-B_489445_220.flac,0,0,0,0,0,0,0,0,0,0,0,0
9.70001,4.5319886,4.5947905,5,uploads\7f5d0d8c-aaf9-11ef-9f58-2c0da73a8026\20210203T033909+1000_Daintree-Rainforest-Observatory-Dry-B_489445_221.flac,0,0,0,0,0,0,0,0,0,0,0,0
4.7451453,4.849857,7.203464,1,uploads\7f5d0d8c-aaf9-11ef-9f58-2c0da73a8026\20210203T033909+1000_Daintree-Rainforest-Observatory-Dry-B_489445_222.flac,0,0,0,0,0,0,0,0,0,0,0,0
8.766174,4.6436853,3.8623927,0,uploads\7f5d0d8c-aaf9-11ef-9f58-2c0da73a8026\20210203T033909+1000_Daintree-Rainforest-Observatory-Dry-B_489445_223.flac,0,0,0,0,0,0,0,0,0,0,0,0
9.076125,4.931478,3.8122668,0,uploads\7f5d0d8c-aaf9-11ef-9f58-2c0da73a8026\20210203T033909+1000_Daintree-Rainforest-Observatory-Dry-B_489445_224.flac,0,0,0,0,0,0,0,0,0,0,0,0
12.256612,4.607508,8.153114,3,uploads\7f5d0d8c-aaf9-11ef-9f58-2c0da73a8026\20210203T033909+1000_Daintree-Rainforest-Observatory-Dry-B_489445_225.flac,0,0,0,0,0,0,0,0,0,0,0,0
9.743381,4.5137854,4.6032104,5,uploads\7f5d0d8c-aaf9-11ef-9f58-2c0da73a8026\20210203T033909+1000_Daintree-Rainforest-Observatory-Dry-B_489445_226.flac,0,0,0,0,0,0,0,0,0,0,0,0
10.839297,7.7569885,6.459579,0,uploads\7f5d0d8c-aaf9-11ef-9f58-2c0da73a8026\20210203T033909+1000_Daintree-Rainforest-Observatory-Dry-B_489445_227.flac,0,0,0,0,0,0,0,0,0,0,0,0
9.76448,7.4288144,5.9376597,0,uploads\7f5d0d8c-aaf9-11ef-9f58-2c0da73a8026\20210203T033909+1000_Daintree-Rainforest-Observatory-Dry-B_489445_228.flac,0,0,0,0,0,0,0,0,0,0,0,0
11.276126,5.6296334,6.957397,3,uploads\7f5d0d8c-aaf9-11ef-9f58-2c0da73a8026\20210203T033909+1000_Daintree-Rainforest-Observatory-Dry-B_489445_229.flac,0,0,0,0,0,0,0,0,0,0,0,0
8.918499,5.1796055,6.426672,2,uploads\7f5d0d8c-aaf9-11ef-9f58-2c0da73a8026\20210203T033909+1000_Daintree-Rainforest-Observatory-Dry-B_489445_230.flac,0,0,0,0,0,0,0,0,0,0,0,0
12.276264,4.5201616,8.326161,3,uploads\7f5d0d8c-aaf9-11ef-9f58-2c0da73a8026\20210203T033909+1000_Daintree-Rainforest-Observatory-Dry-B_489445_231.flac,0,0,0,0,0,0,0,0,0,0,0,0
12.282581,4.628736,8.220113,3,uploads\7f5d0d8c-aaf9-11ef-9f58-2c0da73a8026\20210203T033909+1000_Daintree-Rainforest-Observatory-Dry-B_489445_232.flac,0,0,0,0,0,0,0,0,0,0,0,0
12.279154,4.6329417,8.22093,3,uploads\7f5d0d8c-aaf9-11ef-9f58-2c0da73a8026\20210203T033909+1000_Daintree-Rainforest-Observatory-Dry-B_489445_233.flac,0,0,0,0,0,0,0,0,0,0,0,0
9.170593,5.081382,3.816556,0,uploads\7f5d0d8c-aaf9-11ef-9f58-2c0da73a8026\20210203T033909+1000_Daintree-Rainforest-Observatory-Dry-B_489445_234.flac,0,0,0,0,0,0,0,0,0,0,0,0
5.8708444,4.7045336,6.025971,1,uploads\7f5d0d8c-aaf9-11ef-9f58-2c0da73a8026\20210203T033909+1000_Daintree-Rainforest-Observatory-Dry-B_489445_235.flac,0,0,0,0,0,0,0,0,0,0,0,0
9.013046,4.4226594,4.4267087,0,uploads\7f5d0d8c-aaf9-11ef-9f58-2c0da73a8026\20210203T033909+1000_Daintree-Rainforest-Observatory-Dry-B_489445_236.flac,0,0,0,0,0,0,0,0,0,0,0,0
2.9965887,4.4539866,7.720926,4,uploads\7f5d0d8c-aaf9-11ef-9f58-2c0da73a8026\20210203T033909+1000_Daintree-Rainforest-Observatory-Dry-B_489445_237.flac,0,0,0,0,0,0,0,0,0,0,0,0
2.7051408,4.1099896,7.32451,4,uploads\7f5d0d8c-aaf9-11ef-9f58-2c0da73a8026\20210203T033909+1000_Daintree-Rainforest-Observatory-Dry-B_489445_238.flac,0,0,0,0,0,0,0,0,0,0,0,0
5.7636085,4.616718,5.9470506,1,uploads\7f5d0d8c-aaf9-11ef-9f58-2c0da73a8026\20210203T033909+1000_Daintree-Rainforest-Observatory-Dry-B_489445_239.flac,0,0,0,0,0,0,0,0,0,0,0,0
10.25025,5.8908896,4.69176,0,uploads\7f5d0d8c-aaf9-11ef-9f58-2c0da73a8026\20210203T033909+1000_Daintree-Rainforest-Observatory-Dry-B_489445_240.flac,0,0,0,0,0,0,0,0,0,0,0,0
9.99029,7.4015627,5.925315,-1,uploads\7f5d0d8c-aaf9-11ef-9f58-2c0da73a8026\20210203T033909+1000_Daintree-Rainforest-Observatory-Dry-B_489445_241.flac,0,0,0,0,0,0,0,0,0,0,0,0
11.418235,5.260558,7.0344186,3,uploads\7f5d0d8c-aaf9-11ef-9f58-2c0da73a8026\20210203T033909+1000_Daintree-Rainforest-Observatory-Dry-B_489445_242.flac,0,0,0,0,0,0,0,0,0,0,0,0
8.8056965,4.4252605,4.4190807,0,uploads\7f5d0d8c-aaf9-11ef-9f58-2c0da73a8026\20210203T033909+1000_Daintree-Rainforest-Observatory-Dry-B_489445_243.flac,0,0,0,0,0,0,0,0,0,0,0,0
2.940128,4.3301315,7.632932,4,uploads\7f5d0d8c-aaf9-11ef-9f58-2c0da73a8026\20210203T033909+1000_Daintree-Rainforest-Observatory-Dry-B_489445_244.flac,0,0,0,0,0,0,0,0,0,0,0,0
5.706941,4.5841436,5.90237,1,uploads\7f5d0d8c-aaf9-11ef-9f58-2c0da73a8026\20210203T033909+1000_Daintree-Rainforest-Observatory-Dry-B_489445_245.flac,0,0,0,0,0,0,0,0,0,0,0,0
10.037934,5.12137,4.9248056,0,uploads\7f5d0d8c-aaf9-11ef-9f58-2c0da73a8026\20210203T033909+1000_Daintree-Rainforest-Observatory-Dry-B_489445_246.flac,0,0,0,0,0,0,0,0,0,0,0,0
11.251825,7.5827637,6.6173463,0,uploads\7f5d0d8c-aaf9-11ef-9f58-2c0da73a8026\20210203T033909+1000_Daintree-Rainforest-Observatory-Dry-B_489445_247.flac,0,0,0,0,0,0,0,0,0,0,0,0
10.037252,5.81314,5.0697722,0,uploads\7f5d0d8c-aaf9-11ef-9f58-2c0da73a8026\20210203T033909+1000_Daintree-Rainforest-Observatory-Dry-B_489445_248.flac,0,0,0,0,0,0,0,0,0,0,0,0
2.7426374,4.1772466,7.3127346,4,uploads\7f5d0d8c-aaf9-11ef-9f58-2c0da73a8026\20210203T033909+1000_Daintree-Rainforest-Observatory-Dry-B_489445_249.flac,0,0,0,0,0,0,0,0,0,0,0,0
2.7585456,4.120247,7.163984,4,uploads\7f5d0d8c-aaf9-11ef-9f58-2c0da73a8026\20210203T033909+1000_Daintree-Rainforest-Observatory-Dry-B_489445_250.flac,0,0,0,0,0,0,0,0,0,0,0,0
10.958673,7.594889,5.953941,0,uploads\7f5d0d8c-aaf9-11ef-9f58-2c0da73a8026\20210203T033909+1000_Daintree-Rainforest-Observatory-Dry-B_489445_251.flac,0,0,0,0,0,0,0,0,0,0,0,0
4.9615254,4.8956323,7.136773,1,uploads\7f5d0d8c-aaf9-11ef-9f58-2c0da73a8026\20210203T033909+1000_Daintree-Rainforest-Observatory-Dry-B_489445_252.flac,0,0,0,0,0,0,0,0,0,0,0,0
5.188959,4.8884273,6.9128084,1,uploads\7f5d0d8c-aaf9-11ef-9f58-2c0da73a8026\20210203T033909+1000_Daintree-Rainforest-Observatory-Dry-B_489445_253.flac,0,0,0,0,0,0,0,0,0,0,0,0
10.638496,7.0110145,4.718652,0,uploads\7f5d0d8c-aaf9-11ef-9f58-2c0da73a8026\20210203T033909+1000_Daintree-Rainforest-Observatory-Dry-B_489445_254.flac,0,0,0,0,0,0,0,0,0,0,0,0
11.382579,8.617763,6.6403494,0,uploads\7f5d0d8c-aaf9-11ef-9f58-2c0da73a8026\20210203T033909+1000_Daintree-Rainforest-Observatory-Dry-B_489445_255.flac,0,0,0,0,0,0,0,0,0,0,0,0
11.001884,4.8846126,6.1837554,3,uploads\7f5d0d8c-aaf9-11ef-9f58-2c0da73a8026\20210203T033909+1000_Daintree-Rainforest-Observatory-Dry-B_489445_256.flac,0,0,0,0,0,0,0,0,0,0,0,0
11.332824,6.9685693,6.784809,0,uploads\7f5d0d8c-aaf9-11ef-9f58-2c0da73a8026\20210203T033909+1000_Daintree-Rainforest-Observatory-Dry-B_489445_257.flac,0,0,0,0,0,0,0,0,0,0,0,0
11.2064295,7.82105,6.3965516,0,uploads\7f5d0d8c-aaf9-11ef-9f58-2c0da73a8026\20210203T033909+1000_Daintree-Rainforest-Observatory-Dry-B_489445_258.flac,0,0,0,0,0,0,0,0,0,0,0,0
11.316626,6.733728,6.7664685,0,uploads\7f5d0d8c-aaf9-11ef-9f58-2c0da73a8026\20210203T033909+1000_Daintree-Rainforest-Observatory-Dry-B_489445_259.flac,0,0,0,0,0,0,0,0,0,0,0,0
2.86471,4.3397956,7.363623,4,uploads\7f5d0d8c-aaf9-11ef-9f58-2c0da73a8026\20210203T033909+1000_Daintree-Rainforest-Observatory-Dry-B_489445_260.flac,0,0,0,0,0,0,0,0,0,0,0,0
3.3264167,4.6147313,7.665462,4,uploads\7f5d0d8c-aaf9-11ef-9f58-2c0da73a8026\20210203T033909+1000_Daintree-Rainforest-Observatory-Dry-B_489445_261.flac,0,0,0,0,0,0,0,0,0,0,0,0
5.2085524,4.595844,6.309405,1,uploads\7f5d0d8c-aaf9-11ef-9f58-2c0da73a8026\20210203T033909+1000_Daintree-Rainforest-Observatory-Dry-B_489445_262.flac,0,0,0,0,0,0,0,0,0,0,0,0
3.3490562,4.6122875,7.636441,4,uploads\7f5d0d8c-aaf9-11ef-9f58-2c0da73a8026\20210203T033909+1000_Daintree-Rainforest-Observatory-Dry-B_489445_263.flac,0,0,0,0,0,0,0,0,0,0,0,0
3.0349762,4.5160856,7.215315,4,uploads\7f5d0d8c-aaf9-11ef-9f58-2c0da73a8026\20210203T033909+1000_Daintree-Rainforest-Observatory-Dry-B_489445_264.flac,0,0,0,0,0,0,0,0,0,0,0,0
5.519382,5.1407065,6.968999,1,uploads\7f5d0d8c-aaf9-11ef-9f58-2c0da73a8026\20210203T033909+1000_Daintree-Rainforest-Observatory-Dry-B_489445_265.flac,0,0,0,0,0,0,0,0,0,0,0,0
5.3420634,5.0795016,7.131087,1,uploads\7f5d0d8c-aaf9-11ef-9f58-2c0da73a8026\20210203T033909+1000_Daintree-Rainforest-Observatory-Dry-B_489445_266.flac,0,0,0,0,0,0,0,0,0,0,0,0
